,Address,Price,Beds,Contact
0,340 E North Water St Chicago  6,"$1,819 - $11,025",Studio - 3 Br,844-402-4750
1,400 N McClurg Ct Chicago  6,"$1,761 - $2,931",Studio - 2 Br,844-482-6861
2,360 E South Water St Chicago  6,"$1,694 - $4,395",Studio - 2 Br,312-288-8069
3,200 E Illinois St Chicago  6,"$2,033 - $12,878",Studio - 4 Br,773-273-6395
4,1130 S Michigan Ave Chicago  6,"$1,509 - $3,443",Studio - 2 Br,866-610-8317
5,400 E South Water St Chicago  6,"$1,660 - $3,925",Studio - 2 Br,866-599-7868
6,850 N Lake Shore Dr Chicago  6,"$2,360 - $10,000",Studio - 3 Br,312-462-1903
7,840 W Blackhawk St Chicago  6,"$1,687 - $4,088",Studio - 2 Br,866-958-8596
8,555 W Madison St Chicago  6,"$1,350 - $3,985",Studio - 2 Br,888-692-0211
9,225 N Columbus Dr Chicago  6,"$1,630 - $3,682",Studio - 2 Br,866-933-3491
10,345 E Wacker Dr Chicago  6,"$1,758 - $3,478",Studio - 3 Br,773-904-9571
11,5140 S Hyde Park Blvd Chicago  6,"$1,378 - $5,781",1-3 Br,773-432-4830
12,71 W Hubbard St Chicago  6,"$1,795 - $6,495",Studio - 3 Br,312-219-9513
13,161 W Kinzie St Chicago  6,"$1,880 - $6,337",Studio - 2 Br,844-892-1659
14,1 W Superior St Chicago  6,"$1,542 - $4,866",Studio - 2 Br,312-219-9516
15,910 W Huron St Chicago  6,"$1,945 - $3,470",Studio - 4 Br,844-741-2982
16,200 E Chestnut St Chicago  6,"$1,139 - $7,416",Studio - 2 Br,708-315-6519
17,220 W Illinois St Chicago  6,"$2,025 - $4,145",Studio - 2 Br,773-492-6656
18,850 S Clark St Chicago  6,"$1,768 - $3,542",Studio - 2 Br,312-462-1938
19,500 N Lake Shore Dr Chicago  6,"$1,755 - $3,955",Studio - 2 Br,312-548-6742
20,60638 About Us Chicago Ap,,,
